"DESCRIPTION","DURATION IN MS","NAME","PARENT SUITE","START TIME","STATUS","STOP TIME","SUB SUITE","SUITE","TEST CLASS","TEST METHOD"
"","97","Example #4","api","2026-10-02","passed","2026-10-02","Student registration API > Invalid name values are rejected","features/registration/Registration.feature.spec.js","",""
"","44","Example #10","api","2026-10-02","passed","2026-10-02","Student registration API > Missing required registration fields are rejected","features/registration/Registration.feature.spec.js","",""
"","19","Example #5","api","2026-10-02","passed","2026-10-02","Student registration API > Missing required registration fields are rejected","features/registration/Registration.feature.spec.js","",""
"","117","Example #11","api","2026-10-02","passed","2026-10-02","Student registration API > Valid optional and boundary values pass request validation","features/registration/Registration.feature.spec.js","",""
"","4","Example #11","api","2026-10-02","passed","2026-10-02","Student registration API > Invalid address and qualification boundaries are rejected","features/registration/Registration.feature.spec.js","",""
"","23","Example #9","api","2026-10-02","passed","2026-10-02","Student registration API > Explicit null values are rejected for required fields","features/registration/Registration.feature.spec.js","",""
"","5","Example #2","api","2026-10-02","passed","2026-10-02","Student registration API > Invalid address and qualification boundaries are rejected","features/registration/Registration.feature.spec.js","",""
"","5","Example #8","api","2026-10-02","passed","2026-10-02","Student registration API > Invalid date, gender, and email values are rejected","features/registration/Registration.feature.spec.js","",""
"","14","Example #8","api","2026-10-02","passed","2026-10-02","Student registration API > Invalid name values are rejected","features/registration/Registration.feature.spec.js","",""
"","89","Example #5","api","2026-10-02","passed","2026-10-02","Student registration API > Valid optional and boundary values pass request validation","features/registration/Registration.feature.spec.js","",""
"","21","Example #14","api","2026-10-02","passed","2026-10-02","Student registration API > Valid optional and boundary values pass request validation","features/registration/Registration.feature.spec.js","",""
"","4","Example #4","api","2026-10-02","passed","2026-10-02","Student registration API > Invalid optional WhatsApp values are rejected","features/registration/Registration.feature.spec.js","",""
"","30","Example #1","api","2026-10-02","passed","2026-10-02","Student registration API > Explicit null values are rejected for required fields","features/registration/Registration.feature.spec.js","",""
"","9","Example #7","api","2026-10-02","passed","2026-10-02","Student registration API > Invalid address and qualification boundaries are rejected","features/registration/Registration.feature.spec.js","",""
"","26","Example #6","api","2026-10-02","passed","2026-10-02","Student registration API > Missing required registration fields are rejected","features/registration/Registration.feature.spec.js","",""
"","51","Example #8","api","2026-10-02","passed","2026-10-02","Student registration API > Valid optional and boundary values pass request validation","features/registration/Registration.feature.spec.js","",""
"","4","Example #12","api","2026-10-02","passed","2026-10-02","Student registration API > Invalid address and qualification boundaries are rejected","features/registration/Registration.feature.spec.js","",""
"","13","Example #5","api","2026-10-02","passed","2026-10-02","Student registration API > Invalid name values are rejected","features/registration/Registration.feature.spec.js","",""
"","5","Example #3","api","2026-10-02","passed","2026-10-02","Student registration API > Invalid date, gender, and email values are rejected","features/registration/Registration.feature.spec.js","",""
"","6","Example #7","api","2026-10-02","passed","2026-10-02","Student registration API > Invalid date, gender, and email values are rejected","features/registration/Registration.feature.spec.js","",""
"","7","Example #9","api","2026-10-02","passed","2026-10-02","Student registration API > Invalid address and qualification boundaries are rejected","features/registration/Registration.feature.spec.js","",""
"","33","Example #3","api","2026-10-02","passed","2026-10-02","Student registration API > Missing required registration fields are rejected","features/registration/Registration.feature.spec.js","",""
"","27","Example #4","api","2026-10-02","passed","2026-10-02","Student registration API > Explicit null values are rejected for required fields","features/registration/Registration.feature.spec.js","",""
"","14","Example #1","api","2026-10-02","passed","2026-10-02","Student registration API > Missing required registration fields are rejected","features/registration/Registration.feature.spec.js","",""
"","8","Example #2","api","2026-10-02","passed","2026-10-02","Student registration API > Invalid optional WhatsApp values are rejected","features/registration/Registration.feature.spec.js","",""
"","5","Optional age flag must be boolean when supplied","api","2026-10-02","passed","2026-10-02","Student registration API","features/registration/Registration.feature.spec.js","",""
"","5","Example #6","api","2026-10-02","passed","2026-10-02","Student registration API > Invalid date, gender, and email values are rejected","features/registration/Registration.feature.spec.js","",""
"","5","Example #2","api","2026-10-02","passed","2026-10-02","Student registration API > Invalid date, gender, and email values are rejected","features/registration/Registration.feature.spec.js","",""
"","20","Example #4","api","2026-10-02","passed","2026-10-02","Student registration API > Missing required registration fields are rejected","features/registration/Registration.feature.spec.js","",""
"","21","Example #15","api","2026-10-02","passed","2026-10-02","Student registration API > Valid optional and boundary values pass request validation","features/registration/Registration.feature.spec.js","",""
"","96","A valid unique registration is accepted","api","2026-10-02","skipped","2026-10-02","Student registration API","features/registration/Registration.feature.spec.js","",""
"","30","Example #1","api","2026-10-02","passed","2026-10-02","Student registration API > Invalid name values are rejected","features/registration/Registration.feature.spec.js","",""
"","11","Example #8","api","2026-10-02","passed","2026-10-02","Student registration API > Invalid address and qualification boundaries are rejected","features/registration/Registration.feature.spec.js","",""
"","43","Example #3","api","2026-10-02","passed","2026-10-02","Student registration API > Valid optional and boundary values pass request validation","features/registration/Registration.feature.spec.js","",""
"","7","Example #6","api","2026-10-02","passed","2026-10-02","Student registration API > Invalid address and qualification boundaries are rejected","features/registration/Registration.feature.spec.js","",""
"","13","Example #7","api","2026-10-02","passed","2026-10-02","Student registration API > Missing required registration fields are rejected","features/registration/Registration.feature.spec.js","",""
"","129","Example #1","api","2026-10-02","passed","2026-10-02","Student registration API > Valid optional and boundary values pass request validation","features/registration/Registration.feature.spec.js","",""
"","5","Example #4","api","2026-10-02","passed","2026-10-02","Student registration API > Invalid address and qualification boundaries are rejected","features/registration/Registration.feature.spec.js","",""
"","4","Example #4","api","2026-10-02","passed","2026-10-02","Student registration API > Invalid mobile number formats are rejected","features/registration/Registration.feature.spec.js","",""
"","22","Example #6","api","2026-10-02","passed","2026-10-02","Student registration API > Invalid mobile number formats are rejected","features/registration/Registration.feature.spec.js","",""
"","31","Example #9","api","2026-10-02","passed","2026-10-02","Student registration API > Missing required registration fields are rejected","features/registration/Registration.feature.spec.js","",""
"","34","Example #2","api","2026-10-02","passed","2026-10-02","Student registration API > Valid optional and boundary values pass request validation","features/registration/Registration.feature.spec.js","",""
"","41","Example #8","api","2026-10-02","passed","2026-10-02","Student registration API > Explicit null values are rejected for required fields","features/registration/Registration.feature.spec.js","",""
"","9","Example #7","api","2026-10-02","passed","2026-10-02","Student registration API > Invalid mobile number formats are rejected","features/registration/Registration.feature.spec.js","",""
"","29","Example #4","api","2026-10-02","passed","2026-10-02","Student registration API > Valid optional and boundary values pass request validation","features/registration/Registration.feature.spec.js","",""
"","4","Example #10","api","2026-10-02","passed","2026-10-02","Student registration API > Invalid address and qualification boundaries are rejected","features/registration/Registration.feature.spec.js","",""
"","6","Example #5","api","2026-10-02","passed","2026-10-02","Student registration API > Invalid date, gender, and email values are rejected","features/registration/Registration.feature.spec.js","",""
"","10","Example #3","api","2026-10-02","passed","2026-10-02","Student registration API > Invalid name values are rejected","features/registration/Registration.feature.spec.js","",""
"","17","Example #2","api","2026-10-02","passed","2026-10-02","Student registration API > Missing required registration fields are rejected","features/registration/Registration.feature.spec.js","",""
"","151","Example #12","api","2026-10-02","passed","2026-10-02","Student registration API > Valid optional and boundary values pass request validation","features/registration/Registration.feature.spec.js","",""
"","7","Example #5","api","2026-10-02","passed","2026-10-02","Student registration API > Invalid mobile number formats are rejected","features/registration/Registration.feature.spec.js","",""
"","18","Example #6","api","2026-10-02","passed","2026-10-02","Student registration API > Invalid name values are rejected","features/registration/Registration.feature.spec.js","",""
"","35","Example #10","api","2026-10-02","passed","2026-10-02","Student registration API > Explicit null values are rejected for required fields","features/registration/Registration.feature.spec.js","",""
"","35","Example #9","api","2026-10-02","passed","2026-10-02","Student registration API > Valid optional and boundary values pass request validation","features/registration/Registration.feature.spec.js","",""
"","6","Example #2","api","2026-10-02","passed","2026-10-02","Student registration API > Invalid mobile number formats are rejected","features/registration/Registration.feature.spec.js","",""
"","8","Example #1","api","2026-10-02","passed","2026-10-02","Student registration API > Invalid date, gender, and email values are rejected","features/registration/Registration.feature.spec.js","",""
"","49","Example #7","api","2026-10-02","passed","2026-10-02","Student registration API > Explicit null values are rejected for required fields","features/registration/Registration.feature.spec.js","",""
"","21","Example #5","api","2026-10-02","passed","2026-10-02","Student registration API > Explicit null values are rejected for required fields","features/registration/Registration.feature.spec.js","",""
"","327","Example #6","api","2026-10-02","passed","2026-10-02","Student registration API > Valid optional and boundary values pass request validation","features/registration/Registration.feature.spec.js","",""
"","29","Example #13","api","2026-10-02","passed","2026-10-02","Student registration API > Valid optional and boundary values pass request validation","features/registration/Registration.feature.spec.js","",""
"","192","Example #7","api","2026-10-02","passed","2026-10-02","Student registration API > Valid optional and boundary values pass request validation","features/registration/Registration.feature.spec.js","",""
"","99","Example #10","api","2026-10-02","passed","2026-10-02","Student registration API > Valid optional and boundary values pass request validation","features/registration/Registration.feature.spec.js","",""
"","23","Example #8","api","2026-10-02","passed","2026-10-02","Student registration API > Missing required registration fields are rejected","features/registration/Registration.feature.spec.js","",""
"","7","Example #5","api","2026-10-02","passed","2026-10-02","Student registration API > Invalid address and qualification boundaries are rejected","features/registration/Registration.feature.spec.js","",""
"","5","Example #3","api","2026-10-02","passed","2026-10-02","Student registration API > Invalid mobile number formats are rejected","features/registration/Registration.feature.spec.js","",""
"","7","Example #1","api","2026-10-02","passed","2026-10-02","Student registration API > Invalid address and qualification boundaries are rejected","features/registration/Registration.feature.spec.js","",""
"","10","Example #1","api","2026-10-02","passed","2026-10-02","Student registration API > Invalid optional WhatsApp values are rejected","features/registration/Registration.feature.spec.js","",""
"","6","Example #3","api","2026-10-02","passed","2026-10-02","Student registration API > Invalid address and qualification boundaries are rejected","features/registration/Registration.feature.spec.js","",""
"","23","Example #2","api","2026-10-02","passed","2026-10-02","Student registration API > Explicit null values are rejected for required fields","features/registration/Registration.feature.spec.js","",""
"","9","Example #7","api","2026-10-02","passed","2026-10-02","Student registration API > Invalid name values are rejected","features/registration/Registration.feature.spec.js","",""
"","26","Example #2","api","2026-10-02","passed","2026-10-02","Student registration API > Invalid name values are rejected","features/registration/Registration.feature.spec.js","",""
"","52","Example #3","api","2026-10-02","passed","2026-10-02","Student registration API > Explicit null values are rejected for required fields","features/registration/Registration.feature.spec.js","",""
"","6","Example #3","api","2026-10-02","passed","2026-10-02","Student registration API > Invalid optional WhatsApp values are rejected","features/registration/Registration.feature.spec.js","",""
"","7","Example #1","api","2026-10-02","passed","2026-10-02","Student registration API > Invalid mobile number formats are rejected","features/registration/Registration.feature.spec.js","",""
"","8","Example #4","api","2026-10-02","passed","2026-10-02","Student registration API > Invalid date, gender, and email values are rejected","features/registration/Registration.feature.spec.js","",""
"","28","Example #6","api","2026-10-02","passed","2026-10-02","Student registration API > Explicit null values are rejected for required fields","features/registration/Registration.feature.spec.js","",""
